Income,CreditScore,Age,LoanAmountRequested,EmploymentLength,InterestRate
72417.85382528082,727,57,10315.896137782582,2,2.0
56543.392470720384,604,39,16551.923510849854,16,2.25098481151737
76192.21345251732,616,48,6977.541956099758,18,2.0
98075.74641020063,308,23,9755.952059473157,13,2.14329546024335
54146.1656319166,372,26,11842.418016684978,7,4.1644826057155955
54146.57607627049,658,47,9102.44768629244,12,2.0
99480.32038768478,522,47,14765.12073572618,19,2.0
79185.86822882271,715,23,-1037.8186264513297,2,2.0
48263.1403516262,669,41,22112.027693949698,4,2.0
73564.00108964911,563,31,14288.873034975812,8,2.0
48414.55767968844,617,64,9132.340854824919,5,2.0
48356.75616074358,383,22,7238.391632113278,1,2.4692822739794766
66049.05678915085,617,41,5667.896942757228,12,2.0
12167.99388355505,410,63,13228.077370848685,4,2.0
16877.05418717418,550,21,14974.908343961768,7,3.2671513250318864
45942.811768975684,682,43,9187.369359350501,0,2.0
34679.22199163941,306,53,15534.952064892514,19,4.757719555637742
67856.18331488184,758,46,5463.699766194388,11,2.0
37299.39811196973,383,60,4580.94575006582,10,2.0
24692.40746661771,507,20,19066.706026227745,6,4.472162239693075
96641.21922303885,689,27,12955.543067692714,14,2.0
54355.592487836606,613,42,16984.241009066638,10,2.0
61688.20511719809,321,57,5730.301458061536,15,2.0
24381.29534466358,709,25,5382.37304115635,2,4.813313201221438
46390.431886870436,814,41,8206.95340271229,19,2.0
62773.064742746654,426,44,5879.7057923049415,13,2.196938861759958
31225.16056444243,313,37,13526.826051142254,2,2.6702338735918816
69392.4504586418,311,36,6244.369715367772,0,2.0
44984.032752029874,386,31,4141.650709663548,14,3.6868303042160453
52707.65625516808,823,25,10710.07706127616,0,2.048785520379889
44957.334694265075,836,45,3550.0691208739336,16,2.0
106306.95461272344,600,46,1002.6803426230526,1,2.0
59662.56938155165,542,27,10666.286169306388,19,2.0
33557.22677610249,421,38,1253.8997849489497,5,2.0
80563.62280257972,446,61,13876.396981477114,7,2.0
29478.908750724444,655,20,3023.3313687360205,15,2.0
65221.58987511889,608,48,-1203.3689320987378,18,2.0
11008.246903005609,587,64,8531.016749296028,0,2.794015553211764
26795.348777539235,606,68,10722.972516482423,2,2.0
64921.53089672809,848,54,12457.375318409702,2,2.0
78461.66449988526,651,59,10860.078495079268,4,2.0
64284.20702974926,611,33,4703.436894411288,11,2.0
57108.792940293984,358,54,13565.30590463302,11,4.001417167799598
52472.40761026778,334,67,14800.69253239873,19,2.26212839787526
23036.950240814316,744,64,3971.1893577223063,12,2.0
42003.89479013228,392,39,9094.96930670193,19,2.6051730487250486
48484.03072600531,506,68,8627.799864454902,8,2.0
86428.0556554729,652,32,11101.90791394017,6,2.0
68590.45723921154,631,57,8975.381041129456,3,2.0
15923.996115931652,458,68,9660.611139635117,18,2.0
68102.09923486988,323,65,13209.077651208456,18,2.0
50372.942989592084,703,68,4430.734501994333,5,2.0
43076.94999235103,815,27,13686.865676304122,12,2.0
75291.9072210217,663,62,15705.663657656256,10,2.0
85774.98806239877,681,39,18170.67496744434,12,2.0
83282.00297790497,831,52,-716.8366206867959,12,2.0
39019.56191943404,451,45,9085.49171442391,19,2.0
52269.69060371964,719,58,174.49712823205482,14,2.0
68281.5857850891,549,40,-2175.318448864118,12,2.0
84388.62817805898,416,68,10720.465238037392,10,2.0
48020.64405386775,811,61,8004.241035748191,18,2.0
55358.525583404575,634,62,11499.254758853733,7,2.0
32341.625649849295,717,60,12430.638450436578,19,2.0
30094.83439798323,594,28,16239.479790539603,7,2.6418480260923976
80313.14555985495,670,43,10269.6021265289,9,2.0
93906.00071427057,485,56,24616.77808659544,15,2.0
58199.746960491655,545,68,11532.049274926063,18,2.0
85088.3224473006,567,60,19212.395222836058,10,2.0
69040.90062619085,536,36,-1664.1890026212423,12,2.0
43872.006134871895,829,43,16748.697647753124,8,2.0
69034.89013771035,320,40,9096.197551022198,19,2.0
98450.91416164923,819,58,258.2637028636418,18,2.0
59104.34902225121,399,60,12102.725546140598,15,2.0
99116.09139535016,777,58,8485.222310078414,6,2.0
-5493.627602243607,597,32,12900.266242240712,18,3.011737885901195
80547.56260938059,825,30,15055.38228775539,11,2.0
62176.17670595428,633,65,2554.2494161920204,14,2.0
52524.81623835331,301,38,15074.594912275788,13,2.1829442694615446
62294.019413387556,674,30,10032.397421103584,10,2.0
10310.777134977681,592,32,16764.205873466362,9,2.0
54508.2028040622,617,65,8974.25885501066,10,2.0
68927.81428779366,801,64,7647.955537342894,5,2.0
96947.3511185379,680,20,10135.270203444757,1,2.0
47043.24454315881,313,59,10509.303531899266,10,2.7504952740485322
39787.659927670305,803,63,6686.075992541323,18,2.0
47456.073910386585,530,38,7518.476345223582,5,2.0
82885.05294255185,383,31,3865.6223274310532,13,2.0
68218.77774149211,429,27,7826.774551049027,19,2.0
46755.99490582403,444,27,13381.550299987895,5,2.2511806208375407
72831.6858278339,327,64,9313.22913046928,16,2.2110515138949607
62426.93873370101,365,31,15045.326480236641,9,2.8092919901495543
84216.12476332224,462,67,9072.852661734632,0,2.0
42448.67265306619,528,52,2842.4100113834293,2,2.0
51808.44633505579,560,64,12986.374437782913,7,2.0
50197.296171696056,748,45,6631.8842948329875,7,2.0
23412.12629669704,723,58,8833.163556182328,19,2.0
67403.0069266144,759,47,16187.860237420586,14,2.0
66526.38180449723,600,24,4195.647701392431,6,2.0
60127.836416061524,602,27,10823.718937321924,10,2.0
54135.321665621326,586,44,9797.408249821041,6,2.0
24615.731448739643,694,46,13504.628577185515,3,2.479645096862746
49483.866930866025,309,65,14275.766827410112,11,3.486508031159903
51432.137086830764,569,42,11319.19502124446,5,2.7813153449825387
39943.06826945953,660,49,8198.126767098001,13,2.0
55967.85720834977,556,64,12366.862520129802,11,2.0
70101.27142036345,432,66,16678.27948572281,10,2.0
107154.64753026326,575,42,9863.550301801497,18,2.0
64364.445320795974,812,68,8663.719427884867,4,2.0
66438.75976806911,612,66,11940.85128833995,13,2.0
58138.85210584582,583,39,10193.635101848058,15,2.0
12030.719617523966,420,37,3311.452880411004,12,2.0
59337.15311376958,406,37,11196.654001987406,19,2.903770244144056
61505.75524852566,503,21,3266.18795618118,3,2.0
121581.05281213215,464,23,11872.403232042227,10,2.0
55190.97588047194,604,49,6014.286377967163,16,2.0
67538.68355834032,796,52,10184.37402093173,6,2.0
59132.205757368916,455,55,11952.969530996183,13,2.0
30783.0490595117,666,37,22269.516729717856,10,2.0
88570.57036287551,550,56,13713.749808934623,8,2.0
78798.32581716936,633,38,16823.994048711673,12,2.0
79775.79867607617,810,66,19358.739093469623,17,2.0
37265.313630131524,592,47,12446.279584997223,10,2.0
95069.85777340247,319,59,11428.449001335995,14,2.568116230676476
24953.72343019298,581,39,4666.394455868921,18,2.0
74671.42734500676,300,68,9416.850337998028,0,2.0
114761.39064524946,418,52,6384.561351820688,3,2.0
35236.59187173279,334,31,7994.7057493780685,13,2.6507521157022453
45842.5567599307,497,34,19353.316880962342,13,3.604072888879987
62491.28412719103,784,60,10573.107545999948,2,2.0
47413.10864709502,358,58,5620.502111419456,16,2.0
21233.414223346685,460,21,16872.66727345652,2,4.852240475662665
61714.07437015068,505,48,14776.377381187245,15,2.0
33442.407156847374,311,60,15038.267463001983,13,2.0
71839.81076587953,789,29,-30.651015511974038,19,2.0
37014.394144154925,575,21,19743.35478860743,12,2.0
98748.36012543848,541,30,7207.426289530564,14,2.0
40418.66769159408,515,32,13889.773863963776,13,2.0
51948.462094858114,550,29,22618.99895308516,18,2.0842455404623914
80337.93043424175,425,33,20776.66374095309,5,2.9489679857833444
29228.39208915112,516,37,5112.189372636565,9,2.0
65686.49836510324,605,28,2777.4133149886347,14,2.0
92678.5688570607,484,58,17151.73299423964,19,2.0
19812.919135969314,338,47,10710.279057969998,5,2.309780875190973
64615.84646330761,522,22,7495.592793489601,9,2.0
66497.06985621058,483,39,13106.092734695238,6,2.2368894727461925
79545.57179443276,794,25,9185.602112702794,16,2.0
29076.232228047953,726,46,13506.620685243717,17,2.0
26988.584672893092,477,21,10334.909039093664,16,3.769710925740115
73048.53914042244,727,48,13611.939641640834,8,2.0
67424.61683082965,593,57,5527.336554318057,9,2.0
66262.32125864692,450,22,17122.310065663172,9,2.052368831616406
68661.2052374244,683,35,13488.116853662192,6,2.0
42999.38196053773,607,49,13231.486847017863,15,2.0
65806.34242902508,635,59,4411.650364940031,17,2.0
67326.81183246704,674,21,18498.162083221236,5,2.0
42141.2145493408,307,36,9931.41950316866,19,2.4715517913181713
106644.36277861892,640,60,13640.244312149205,0,2.0
71845.82302279469,428,31,8385.877681266957,0,2.887706962154709
30217.412569933786,651,54,11304.445323410486,11,2.056972742941157
76413.84021584575,657,62,11485.63676059702,1,2.0
35632.958244316964,816,20,-4099.654660017104,3,2.0
79677.1150935613,794,64,12912.240623274156,16,2.0
88964.8894751851,385,34,19826.70730861042,3,2.0
39482.942041207236,474,45,12698.901294959785,10,2.0
84084.40323110804,492,56,5211.458755551309,3,2.0
70319.52317341245,610,40,13249.807830769434,0,2.0
80551.50399986225,418,68,15297.402650866694,6,2.0
107419.82456634869,517,50,12562.332580951934,17,2.0
53865.29709992824,726,44,9629.36446784978,8,2.0
41156.59589106276,713,42,8789.253870880346,2,2.0
37762.13925936192,413,43,8768.451223165965,7,2.2639585247875784
39604.742875864045,444,57,13488.884505056063,18,2.0
58072.4572646474,837,47,2964.380024701859,3,2.0
68528.79937041609,602,40,8140.634195722967,17,2.0
66917.26998325047,644,62,17978.049115054742,19,2.0
80679.58122590059,300,37,18170.97633288588,10,3.3022557930858616
60325.047296947676,446,55,2609.26456099169,13,2.0
96338.35192893291,586,54,4342.931943681956,17,2.0
53383.579169051096,352,64,8646.897102360315,15,2.0
128004.22916474046,603,28,14462.947585571761,2,2.0
75641.68369412515,368,57,862.6282297350481,14,2.0
38571.061089592935,660,49,9725.95682541261,3,2.0
33227.6875484722,519,63,7629.104217101774,4,3.022237017862012
72061.81038107963,460,53,16629.823371426166,16,3.0894446455624864
54413.430366853725,388,51,1615.457630153729,6,2.0
77850.01235230229,458,22,10462.703077468112,15,2.0
71830.94061433861,788,22,8031.952813257031,13,2.0
58179.27718357818,623,47,17348.994631386442,15,2.0
38830.157048289875,680,63,12988.263231766248,6,2.0
22128.819382853384,401,34,7070.921703711327,8,2.0
48837.12619832448,793,60,14266.932216645411,3,2.0
81409.96985808681,318,42,8055.8557334571315,10,2.2312493451083313
65352.343603255096,753,59,14996.648556198768,1,2.0
28856.5305322003,781,30,8814.615045572109,11,2.0
64329.52314627955,696,67,15273.332893843817,11,2.0
69632.93449322092,578,51,12180.40977563625,3,2.0
37903.564094971676,664,55,26302.45540345712,17,2.0
63843.1276486382,630,52,9735.519972919978,6,2.0
61455.217961149996,643,43,11914.311458107242,0,2.0
31425.742554234424,754,58,7602.8762914203435,12,2.0
68944.68400870709,364,53,10013.426703773894,5,2.6737940025562956
74019.61315920585,375,47,-3509.175670747205,5,2.0
87076.28107938192,442,56,12327.92008270516,11,2.1551890681136117
86345.05130087258,772,26,16714.371064747058,7,2.0
25558.265801072725,716,23,11983.150022996771,18,2.0
36554.37400212193,604,56,3430.692710113113,4,2.497290837028965
72875.8816802165,796,20,5991.064236454995,17,2.0
72844.64877280522,590,20,-2150.960635781352,4,2.0
72876.1921576512,401,66,14894.62003432712,9,2.0
156318.28726636805,566,39,4967.433536452098,0,2.0
74272.26276732917,302,38,9856.45704893886,9,2.0
88389.14100451497,384,48,9231.312138363899,4,2.0
83850.04408733005,627,29,17438.635178291333,11,2.0
76284.78128264495,749,37,10426.406589828694,6,2.0
52118.26888399136,753,47,14044.46460053005,8,2.0
78974.23051233169,520,54,12732.318820738312,11,2.0
40679.3696365607,453,62,16797.057099806996,0,4.439322805636889
54079.534831499775,311,66,8804.381527485206,10,2.0
47865.91130427241,432,50,19348.076652522584,14,2.8405769995473102
62046.853484658066,603,46,71.68921800342468,1,2.0
117866.46416683772,592,30,14287.36749000618,19,2.0
13318.370185206295,599,68,5666.9019566793395,6,2.0
77156.50475936284,342,68,7536.2522361002375,11,2.0
19682.10322025871,642,57,12847.071334505177,17,2.0
48201.703355264166,625,24,12807.010249238714,2,2.0
87223.76492418416,797,27,13032.140068450357,6,2.0
61607.000477386566,663,53,3069.2102794738094,10,2.0
33056.380551767346,726,67,17245.1511563962,17,2.3539725852061517
42117.4072685008,320,31,5496.764408861622,11,2.0
76989.9437233669,706,57,6163.564548874005,5,2.0
41740.83420707159,635,20,13189.483690834144,4,3.0683658352261878
65411.464739549374,416,50,8566.394126193798,0,2.0154818046362797
61139.29599759534,423,23,11541.304202812458,11,2.0
43709.99130985457,698,68,-783.0034831639405,10,2.0
113598.60223313313,350,64,11421.622247596157,3,3.11606130440107
75847.97555795028,623,69,11089.159397561076,17,2.0
9371.43533355982,440,24,7450.707311178584,3,3.661041730318547
64661.35786923569,769,49,-370.37979882394757,16,2.0
43455.3383807903,633,43,8935.958692591976,1,2.0
81310.8333699056,672,22,9813.130701006936,1,2.0
40186.98153918248,793,30,8163.855048347525,11,2.0
57131.58896332752,838,64,819.1276778375104,5,2.0
72624.68197451143,455,23,17973.67003658458,9,2.0
81643.87985425304,590,45,6805.692360278135,15,2.0
29992.589823605595,443,46,8888.976685385496,13,2.0
51637.46910397629,405,65,-2047.3716060914521,6,2.0
48126.3672209761,719,62,17974.276743491035,18,2.0
43666.769185657206,301,46,7667.25034132972,16,3.059730573602831
104136.35600702743,389,61,10492.314085371012,8,2.0
70124.5427740239,644,69,15603.687224083256,12,2.0
28477.90114162387,649,25,6618.47897641687,4,2.0
82946.5486763694,758,34,14816.224936932722,4,2.0
113053.90492531583,562,49,-306.62727970570813,9,2.0
85811.63151377867,650,61,12754.933287856566,9,2.0
22015.750851149664,407,56,17861.210832598263,6,5.280765735991043
47894.14817834372,338,56,7097.915763909851,14,2.0
91672.77872966557,458,61,15594.408101491994,6,2.6676140998853772
42308.26335953048,611,56,19169.613260968916,14,2.0
71095.48570365571,540,54,8725.790809729904,2,2.0
79365.85133573342,744,42,8312.358570750695,18,2.0
36826.73821054793,597,25,5508.53127083848,9,2.0
58511.866098455,335,23,7451.349224074333,14,2.0
-21031.683501726817,383,37,5923.200548636899,2,2.0
34390.308966642755,751,28,5504.444507863864,5,2.0
53685.796215170994,684,68,15994.176483556781,11,2.213508179479043
28805.420450878762,471,48,6050.369873558702,14,2.0
100810.28259829088,675,32,11292.609573598114,5,2.0
24246.465550984183,661,66,10191.16717608119,12,2.0
48998.887832575405,440,36,17490.472812855613,18,2.4202526679912975
63268.51443215228,417,64,7484.218839724932,2,2.0355163143834334
96031.83222665288,576,51,11905.74023327161,7,2.0
24103.446220514015,519,67,13955.348511380545,7,2.3703300911861067
89079.09380387398,325,41,17448.748036602905,19,2.0
60255.826525489676,820,23,7411.2332747736655,14,2.0
35462.28372380123,309,24,6910.537656338098,3,2.9754162228471346
71552.58685658177,677,56,4691.094730199737,18,2.0
64976.49238933675,451,60,21181.498104241204,2,3.3786745889897194
44994.57807103013,348,68,16922.36219090194,12,2.0
61745.05212475047,453,32,9788.993028439783,7,2.0609236236580513
50367.16007845599,592,53,19657.19575563528,15,2.0
62837.9336312812,349,64,9490.683028171714,12,3.099473635412929
76553.26686302616,830,41,13622.052357167648,2,2.0
99650.4204036338,359,42,10050.859508613603,15,2.0
29054.612529328773,466,22,11989.027258752356,8,2.68897861970352
113325.83436640666,501,61,11458.807212667734,13,2.0
11197.805011937453,445,53,7875.073133116752,12,3.704396130726173
56205.372624110416,738,51,15462.492690426765,6,2.0
74707.93016211441,541,64,13579.762088419506,14,2.0
67024.79669337581,782,68,15138.472967507392,6,2.0
44432.51200448516,407,40,11601.13592749673,5,2.0
54796.94374106812,525,65,5467.1505911143295,1,2.0
47674.97663352918,731,63,18546.930332788514,8,2.0
45265.88107639471,718,40,8687.218832162871,16,2.0
81240.05242552562,754,63,11820.335142842074,4,2.0
68925.38714912618,459,30,13176.906794111344,11,3.027104031475858
42677.260118483646,822,58,11787.108581088094,0,2.0
82489.99688583126,376,23,14577.085106151371,9,2.0
67682.48802191524,808,20,15366.889611582492,10,2.0
80321.55297097401,740,47,8875.83248476376,15,2.0
75740.7210480903,553,43,18127.336709778236,13,2.786407749521085
39275.1247269482,619,54,8665.482229193674,7,2.919537197679844
45995.473995075765,562,32,11683.74524440394,16,2.0
78682.34012808155,673,66,8061.609081978842,17,2.0
75259.25663583662,466,53,6632.632386746049,11,2.0
59477.460150896295,758,30,15220.955443954326,16,2.0
62933.18458271955,579,55,25609.484487130223,13,2.0
91941.62239471062,601,36,8191.200558398415,15,2.0
45210.71527910425,830,54,16076.607873390394,13,2.0
73677.43452925095,517,37,8370.443436499028,8,2.0
54945.18368915265,401,59,9947.575115719977,3,3.9688648367359827
54557.96991931949,587,41,18787.91886115836,10,2.5324139632637848
87469.42129967976,466,43,4632.32357462347,5,2.0
80635.40872470074,335,38,3309.204656884386,14,2.891585857003342
80337.74090001597,652,56,9564.006756184253,4,2.0
92636.97017885823,372,58,13318.280139688371,10,2.0
60525.09604081898,652,40,12318.332858404408,17,2.0
77048.8242823741,369,27,11803.39587846498,12,2.371818644331987
52243.3310851636,724,47,10170.659907557889,10,2.0
68104.15881221106,816,24,13932.700134919596,13,2.0
56746.42364080789,727,36,-4568.362210224861,17,2.0
62424.89912481795,838,56,6245.973474561296,18,2.0
74878.92563592285,459,55,9531.937953582761,14,2.0
39544.48291916319,448,38,13522.673995512549,8,2.0
112309.6818921365,529,46,17448.82570034283,7,2.0
34849.56546250745,366,53,5574.5014591642985,19,2.0
29645.284680306697,680,30,17285.393127682837,0,2.7808353963916184
88952.7718375017,357,64,7737.191653993186,3,2.0
79791.56734907339,558,66,9350.451085096569,13,2.0
75602.99542630388,641,31,12907.162593988067,1,2.655662148526244
75708.637731607,429,40,8983.819603466136,15,2.0
59693.83067882714,471,30,15550.588033331587,2,3.8699490358120925
37568.64071285421,508,58,7976.979274434281,7,2.0
61895.11395484316,653,47,8052.32504359833,5,2.0
43070.95721219721,770,24,15259.899771046661,15,2.0
84377.99333544378,415,36,6184.378058661709,15,2.0
56323.56546244653,563,39,11244.6454765833,6,2.0
39362.570080187215,741,60,1697.5866615308805,12,2.0
51965.353958675165,847,65,19098.196760305953,12,2.0
70323.2863568906,752,31,16032.759681183874,4,2.14408533087114
45906.88617990063,776,25,23750.535997903775,19,2.0
39444.490110839215,586,36,16691.81865723193,17,2.0
66092.18028729782,602,38,4351.748851997592,14,2.0
66124.16427771807,610,45,13343.24930080296,17,2.0
47326.420615721756,507,67,5409.9561888909775,1,2.0
48224.04235954193,745,63,17890.187535265493,9,2.0
65801.24843394091,354,63,4494.298560112139,12,2.0
23797.8914625669,311,51,4254.225578801012,17,2.2507611870306343
24813.40564058612,699,25,1950.9427315165658,14,2.0
42038.894468689105,814,55,7558.100893684992,11,2.0
54663.821207203815,841,57,6552.6108760821435,14,2.0
67772.68913995012,536,30,3691.754470803673,12,2.0
96883.90542373879,578,52,19949.04552121762,17,2.0
81441.49058005048,647,43,12649.403481933225,14,2.0
56001.536750914325,403,42,12061.172699283557,10,2.527995476536471
59524.59480243278,816,34,17945.822096239634,18,2.0
34936.76588405478,547,46,11281.288960214673,2,4.320173390611539
59537.17160019025,663,30,6256.598992474303,6,2.4785712356107155
52783.53402699654,620,69,1498.9512874117154,13,2.0
68067.96400845224,585,36,5974.713038282982,13,2.0
39319.22641119192,448,33,17527.078002542312,12,3.7194455398012782
72983.6628560293,383,46,3723.3194215692,11,2.0
98318.47282506444,705,37,11765.636189989384,8,2.0
57280.99628857856,755,47,15169.625715427788,0,2.0
70042.79305247354,460,66,11426.724202216259,18,2.0
77253.59979277781,759,66,11994.916643952916,10,2.0
49969.488202854096,849,23,13278.019564367132,18,2.0
65602.31204526042,799,26,11896.404359113247,17,2.0
60314.81001954487,808,64,18045.37086236641,11,2.0
62441.90246372079,780,54,4798.541358861948,0,2.0
40674.75540361334,413,67,11202.124384193929,18,3.188459618468904
60612.75435647357,660,28,908.7978300142622,19,2.0
72449.95728113625,640,27,-368.7309359326864,16,2.0
96278.59019487604,748,64,9591.64484574008,4,2.0
83981.77065213017,479,36,12716.897844723784,2,2.7775623487788788
113829.56143778891,706,36,18153.338886187823,1,2.0
40816.31092779877,495,68,22098.958665052312,2,3.1365599929222947
81808.01591801696,765,52,16599.303353327403,7,2.0
64583.55014345879,610,51,13635.828721990143,15,2.0
114745.07333044181,561,27,10799.824278869077,5,2.0
39792.54286612121,718,38,2343.8596840831124,12,2.0
39006.9539454806,705,57,9269.816971291008,15,2.0
45015.183863899445,442,22,16451.88375629113,15,3.1352268251574844
6902.606892254829,641,24,14491.409280140202,2,2.0
46856.12445798097,615,32,3568.3292665852587,12,2.0
41021.68346115755,400,66,13070.128236292401,13,2.3556445836794735
63759.84466190519,543,65,12641.964059338601,7,2.0
68543.89939442898,789,50,11749.450600573688,11,2.0
106904.27098039715,311,35,9860.722223113327,7,2.0
83760.59595465126,538,69,13327.919834720968,8,2.0
45577.408608439924,341,51,13486.565194561992,0,2.870596545388121
37539.633216291055,728,41,6792.7061728429735,5,2.0
72297.97928766265,457,48,12275.070306910478,18,2.0
26994.169824483943,515,41,9053.024296263931,10,2.7896153848362353
105786.46914635884,761,62,2563.8306612687848,10,2.0
89486.00301803218,433,22,7191.964824809182,12,2.0
48270.608697382384,366,29,2181.5515732728745,10,2.0
17171.63677272806,306,61,14900.467675350523,17,2.0
93846.80935413533,825,40,11779.446887771595,14,2.0
57136.50386868455,372,35,8222.546943970274,0,3.5532599150773496
90945.40779933654,698,31,17102.606716443242,6,2.0
20139.30853014082,704,21,10339.954537905833,12,2.0
45015.62442615568,429,60,2843.8862201656275,11,2.0
60131.09249295458,765,43,7802.607299080944,17,2.0
61174.51484411855,505,54,18164.27093636646,18,2.0
48748.36321301891,565,49,6652.621874554283,14,2.0
75571.24830868747,836,49,11376.106443789151,7,2.0
33309.48926543514,552,66,13719.383122573192,18,2.0319826581063314
56440.51287446766,588,54,12949.742422774714,9,2.0
63007.39079279747,463,38,22247.2989947905,6,2.351485460674713
72860.97085146872,394,69,4118.483715383656,17,2.0
77790.37195222225,409,27,4617.684597335985,15,2.0
31883.94770405327,635,45,4201.227764489335,19,2.0
21647.145731609446,537,68,8520.407894915576,5,2.9444112898619763
91941.92054746272,680,59,15496.886940912256,8,2.819717669307758
68307.85029948979,735,26,4841.327101017444,12,2.0
41287.83658608616,782,49,15566.802529719695,7,2.0
98778.79938806308,324,26,10175.633349638685,15,3.225996528277591
62891.86585732146,416,22,4455.0165339453815,12,2.0
89482.42960159566,781,20,1243.1502171607171,12,2.0
61687.96203525273,691,55,2362.147530953369,16,2.0
111518.69812204968,836,44,6670.732958830379,19,2.0
103883.5210610801,378,56,9154.244121283396,4,2.0
53775.89628802316,472,20,16730.314883652256,16,2.0
84289.27377385888,311,34,13995.441060941193,8,4.166134990326848
76134.39873962868,427,56,5805.293739598489,1,2.0
94215.78893830872,391,32,12043.32641686084,17,2.0
35876.91348549739,842,59,18257.7313459612,8,2.0
77151.28649996099,831,27,19369.587105150174,5,2.0
86460.6121712397,746,24,8427.969942232017,10,2.0
16031.512839422146,689,28,14791.44214852501,5,2.0
30418.537183355624,342,20,16949.77683443912,5,3.8494542911686938
9019.195555997489,553,55,2464.6403841080646,12,2.0
53264.82913888605,429,54,7437.964564201516,10,2.0
77938.55639489906,359,21,21100.093672116316,13,3.3781960265613358
97558.92630240071,766,59,8494.81944939548,1,2.0
61852.369510494376,586,42,-4644.756823505488,7,2.0
100715.38863928229,816,28,9395.190948066389,2,2.0
25497.463544627717,766,53,15623.127495579309,2,2.0
17415.439016121134,644,65,10032.55218400448,0,2.389630535027627
58611.30752758453,681,33,13576.81973400317,18,2.0
69601.63622348268,552,23,14691.109988278658,17,2.0
59182.63129764767,355,49,8225.312742838589,16,3.5968019372169744
8313.947499003087,762,50,7403.03506792812,19,2.0
57771.99901218029,756,57,10767.204879771358,12,2.0
27388.26248737867,382,30,10888.894614649405,2,2.450911289350965
76741.81372075096,398,54,10270.384099234856,0,2.843364603945163
69164.9561524212,448,27,10475.78261341232,3,2.0
36503.00534181612,628,22,6257.26932689631,12,2.0
47153.327066582664,455,33,13751.43455040474,16,2.02459708258566
33519.66195277621,489,32,12996.159735564832,10,3.480410798934807
58433.0225681707,793,64,3319.9581668227092,1,2.0
83878.55801253096,562,51,8054.188414570164,15,2.0
35356.848841611405,379,53,10465.399362697233,1,2.5833976454074272
72601.1628879461,699,64,7328.4349886191285,18,2.0
46743.55954068898,559,38,13186.859887938968,18,2.0
40178.17919344139,400,57,9665.587307714311,15,4.474435552329121
57324.241001136055,658,35,10845.362647275935,18,2.4612984490567804
34118.941939515644,679,21,7996.453462584634,8,2.0
46158.76736632045,520,59,33.905882946926795,0,2.0
30053.052685278788,719,36,-251.74160781224782,9,2.0
109118.12832290973,423,53,12948.047733460136,18,2.0
60881.58879929322,721,61,11334.56038244697,0,2.0
42506.862300185356,530,35,12193.311031755424,1,3.090311608633889
65349.49776835555,362,57,10672.364210314565,15,2.9358732272323538
57191.79875772925,784,21,11072.837016867572,11,2.0
54475.76001166942,782,21,14845.11686809394,7,2.0
75354.16750108563,818,45,12223.096862007062,17,2.0
78937.69275118262,454,32,15204.546751530565,1,2.0
46737.471309736815,391,66,10857.309206132986,12,3.1048250518212805
45604.543983883,825,50,8498.091297401144,5,2.0
53123.7075712089,754,53,10971.01431078123,5,2.0
2451.970881610381,809,58,5819.110592563517,8,2.0
22120.223445036194,482,22,8100.765355440455,15,4.75381198645522
94171.85668611311,685,27,10887.856543200185,10,2.0
101124.19283753209,704,42,10821.591659505058,6,2.0
53774.09901109054,545,33,9467.905599985057,9,2.0
74413.92407639416,770,46,3059.0764491289665,9,2.0
67781.2538635884,722,48,13182.047732103572,19,2.0
136972.02021138094,364,58,14171.142032997746,17,2.084816263999855
87989.37278586443,312,58,18218.45247626119,19,3.077670904857553
56802.06021298084,512,20,12208.879982943656,8,2.0
36111.48898498935,541,36,10007.309170957415,14,2.0
19838.841993560687,792,60,4934.852451949251,3,2.0
65086.59089668058,512,49,17460.08934680528,7,2.0
41091.23136789241,637,32,11239.164884370117,8,2.0
24443.65726005815,472,40,10966.865869127283,12,3.296863048565903
43835.67789393684,463,38,8729.71900910574,8,2.0
32961.299909640125,764,38,8410.15216782569,3,2.0
102178.54087681412,796,44,13441.333670254233,16,2.0
82040.99392373627,694,41,4892.79688670704,15,2.0
59800.683967084566,607,50,18127.1592957939,14,2.0
96998.60347225064,482,36,17037.63228769186,2,2.3131276290981364
61934.20769119046,809,42,8229.692265664553,19,2.0
38467.89496679341,845,51,5680.677170634787,4,2.0
98078.10193174143,526,29,-76.02994177707114,4,2.0
73472.75109211646,735,29,3742.9306375788665,19,2.0
34068.846141838585,721,55,13649.55746441437,14,2.0
55241.5330479098,320,27,11576.70929450327,17,2.0
38109.543665381076,696,39,12468.26782653044,14,2.0
25430.006725891595,404,51,772.1018233791929,1,2.5236552395240857
83154.43868829103,491,69,8020.921899486679,12,2.0
107735.41601175326,316,33,16836.364031410412,3,2.999430657073908
25035.81065452147,419,69,9519.862973403233,9,3.0520911529747514
74074.23091726427,692,47,3638.5263268800736,12,2.0
43733.935771954326,724,65,9441.988345785494,9,2.0
47821.8654058826,428,43,6144.912908173752,8,2.0
45190.15189402827,429,34,11668.395299726986,7,3.7152042852420086
38400.2307580046,328,41,10102.726894438576,2,2.0
61213.04069862067,396,49,12716.483320411453,15,2.2565203795910267
39226.24708972406,309,23,3910.381866174437,13,2.0
66761.42064449597,541,32,7756.417156674506,8,2.1156749060085005
58744.04726377158,531,42,15452.171706995545,10,2.0
54026.29882833976,583,27,3228.5997278225923,2,2.0
37310.90844896005,499,37,4984.439919800107,4,3.4161057103974954
45580.716735791684,378,31,10996.48654996032,9,2.0
78884.7806456439,472,50,11433.649195418957,12,2.0
72522.92969060951,766,33,7555.750786286151,3,2.0
35561.11888003623,715,53,8607.83558680575,12,2.0
62483.30763573065,748,37,12666.127807778208,11,2.286277414752154
78784.67808429472,386,53,14248.175008799339,4,2.0
18264.86797196571,400,30,4653.891673551204,9,2.0
73584.00480949838,307,60,11821.597603139751,8,2.0
43434.406026353834,499,31,17560.08000002861,19,2.0
74264.96671482899,804,68,9420.539693194336,6,2.0
40918.521086437075,386,34,4600.804231057405,1,2.4362387971635817
14877.947483387026,342,50,4369.540455863918,6,4.432056047094085
19311.439052920934,684,68,9196.31279344068,7,2.708241542940491
61202.12366653455,734,48,15179.236524338092,6,2.146827668170079
66493.06254303704,707,45,9796.220750766894,13,2.52919946083329
37392.084372389785,782,37,10946.159899529639,18,2.0
75964.81146943435,316,51,5018.29158913098,4,2.8008880130370506
18461.998443276003,447,41,14915.588164882738,17,3.43208936951652
58348.005033817084,576,57,4271.707144173226,19,2.0
29724.595005938583,531,36,7477.517578641835,11,2.0
43704.09730494602,665,42,13149.57431023147,16,2.0
61184.96678291035,527,43,-197.15749159966072,12,2.0
38489.66586790119,735,69,10869.80574842854,1,2.0
50386.11139425437,698,27,4804.632168041094,12,2.0
85157.32023036102,510,60,10082.746994545567,6,2.0
45577.703261921284,690,25,8239.721961440318,9,2.0
80892.30280162854,798,24,20529.174126742444,5,2.0
31757.328633559548,839,63,8034.394054000468,2,2.0
73245.10444788207,790,48,19213.25686441671,2,2.0
96039.21551644751,741,47,12934.761455916874,17,2.0
-1791.1125031822303,560,30,5992.705146351358,10,2.741350801609083
40077.61861323808,649,20,11654.054626298785,19,2.0
74426.8031795135,651,62,8477.95126831094,4,2.0
54923.86534892518,819,38,11210.787453706169,18,2.0
69278.64683428273,619,28,6430.5450628336675,18,2.0
44900.37033210449,437,46,18450.88816672979,14,3.2668316819839576
62164.744686822494,849,53,14626.99045398362,15,2.0
56108.06911519801,667,63,10158.907840807955,8,2.0
89194.55154149518,519,23,18645.57384034767,3,3.1603976881866593
66360.52108253032,636,55,10371.396220414243,14,2.0
68440.06655188005,522,37,15488.124824305822,11,2.0
49703.075846938314,659,34,10191.502937612122,2,2.0
47809.84439818766,628,32,11969.437974052893,13,2.0
49186.04530450948,762,38,9592.806095286101,16,2.0
69861.30355945742,681,68,10476.506769369686,18,2.0
49475.387979493426,468,25,10852.659301939995,5,2.0
67244.37142241032,516,67,6651.340837558032,3,2.0092559798540477
111885.01996613597,677,31,7994.656665384561,6,2.0
81778.11758579231,418,56,8916.224917569141,18,2.0
51849.411695803974,489,36,11148.555084011483,16,2.0
90030.34805409862,669,42,9847.104902482664,15,2.0
49798.115674461216,448,45,15865.162669128535,14,3.2255015095873927
9046.886620553654,787,48,14235.591594898204,7,2.124631791461245
34797.8422270649,673,52,9018.362219873137,18,2.0
13230.201974353608,459,46,16908.919487259696,7,2.8454325726454717
51212.16289896728,650,44,19365.103117877283,17,2.0
60460.45947973879,587,29,-219.13147461058543,15,2.0
101910.93280688208,587,66,14661.450425331397,19,2.0
68173.18434410407,525,42,6535.079013342505,18,2.0
54522.486779778395,822,40,14003.740106616497,9,2.0
80735.13952958724,821,40,16191.18970323216,16,2.0
4721.617274802869,572,62,5615.03702744724,12,2.0
65890.36395271415,701,32,738.3645049211973,12,2.0
79271.62984717418,482,56,14177.170441079325,6,2.0
23035.34385550396,787,52,10677.012412418057,9,2.0
88593.85108017322,423,43,1657.80623048686,1,2.0
68462.41018736035,713,63,22647.82252731411,3,2.0
49617.80215247997,471,30,13122.09706128276,5,3.3458129489666737
75819.54665265713,587,36,13350.500200625762,17,2.0
116767.3214451099,734,23,16829.088762810243,5,2.0
64546.65637646238,412,66,7095.88023576749,16,2.0
66205.5146575084,421,44,10652.270560443383,13,2.0
48515.9775114939,843,49,3403.3904311011856,10,2.0
38753.8907633802,521,28,6960.257763574078,18,2.0
80758.39541360614,338,40,11928.300002346188,1,2.0
38597.90435227832,796,39,1673.5766643377392,2,2.0
61789.15593048481,532,38,6818.552271609595,10,2.8177345148322965
48058.56383087208,829,38,5360.330200311397,5,2.0
71974.4956436598,448,31,10710.461228101725,13,2.0
68341.55263217371,696,56,12873.506308326743,18,2.0
85938.49860644748,601,61,13710.764021882285,15,2.0
47249.590028631326,659,36,14994.083223890753,6,2.0
53253.12661766572,537,56,16860.584232861853,7,2.0
35530.90710544231,535,67,13036.22726841703,18,2.374261011003841
48892.668498097206,502,58,19436.679494472075,19,2.4595177804539006
69432.5123261213,555,47,10597.51260632341,15,3.368479601756885
78924.7154161338,534,60,9133.394228747262,6,2.0
36945.86689555936,644,54,13036.5368168002,8,2.0
81740.14800264151,833,66,8917.944125037056,12,2.0
93890.94647012377,765,67,19262.82364387525,0,2.0
70335.87258059252,840,37,15654.91736567606,7,2.0
106919.89531395165,512,33,13751.390720997571,3,2.0
40655.270022410674,762,54,10657.096720206755,2,2.0
28883.632417214576,735,63,7962.614142925686,2,2.0
15531.993777393036,582,60,13506.625022838798,12,2.0
97401.10778722959,762,26,4364.512740765205,7,2.0
76359.14140885144,706,60,17671.817667205105,6,2.0
58610.38322723862,387,32,9111.816473073133,0,2.0
66999.2156579955,343,37,11525.533666203646,15,2.0
31862.773817540587,760,56,5451.994619033556,5,2.0
121143.79949042066,577,32,13614.931315596106,6,2.0
63230.529549380684,720,55,7731.291935808357,11,2.0
62734.869865122324,652,50,13246.143951525492,8,2.0
78144.1655974673,814,21,13786.967344886947,10,2.0
72025.23079341784,318,35,6761.839432057298,9,2.0
65597.10060697829,322,28,4382.354395430026,0,2.0
40238.1386138672,712,28,17659.499582722725,17,2.0
71786.7089283999,329,57,9038.50482985459,3,2.0
107050.61241187585,407,30,11124.24408022819,4,2.0
93635.50115387444,666,41,12427.32262323371,8,2.0
99829.66566598492,580,52,3731.499350508898,16,2.0
47219.608089220375,427,55,12313.330684099437,2,2.0
35259.87949353548,528,64,10495.632680773186,15,2.0
56855.3269975088,410,42,6782.346511478044,4,2.19149667549037
61393.12280721736,435,64,4217.3200758113535,15,2.0
87354.78796177372,661,64,13029.427739786348,2,2.0
17688.384257129517,485,53,15638.560040974397,19,2.0
98238.75798651535,428,28,10892.952586964015,14,2.0
56049.80253552526,560,43,2827.673290751565,2,2.0
49327.9732513145,814,27,4713.335914126349,19,2.0
34697.39061849582,748,26,7839.381453379732,13,2.0
18628.583203355767,403,55,17823.09870580375,15,5.3879492122125825
80579.26459904786,782,37,8766.246689505622,16,2.0
61832.9491797101,523,22,7657.155386009001,19,2.0
27750.977506473653,790,47,1632.5760016194254,17,2.0
27623.0306984096,772,25,6716.576049449444,17,2.0
51605.382517746795,309,63,3835.3182300458484,13,2.173749784111874
101725.53813223483,704,63,4984.100845386,17,2.0
53510.21621590988,601,40,10599.753400793712,14,2.0
22421.426172047344,530,47,7994.178971944114,14,2.0
53856.423397851395,365,59,18497.47226335673,5,2.9400614189774195
53181.910756308236,411,20,15390.016863537385,14,2.7097693720071345
-7422.166073539294,312,55,6955.580310948306,17,2.982819391494441
58642.628337054695,692,40,5415.910791297425,3,2.0
54226.63674478305,799,62,16913.209678320964,7,2.0
77405.15912033546,533,54,18300.212447417416,14,2.0
106223.90237363364,613,32,-971.2412177276601,2,2.0
88164.12573869394,311,68,10464.288119858507,14,2.103814817858777
53277.78273612924,508,29,8740.608460516363,12,2.0
32336.852281458243,313,63,13245.600700299685,8,2.932139465778474
124333.99508124651,717,66,19713.340620807518,1,2.0
61480.46085036221,736,29,7579.7149033610085,7,2.0
60348.232297823655,676,65,-303.4925733195705,19,2.0
59396.87282224992,319,32,12895.03850074632,16,4.1152479694439394
64952.119019196376,369,56,16949.820343021012,12,3.0454765037453173
56390.98970190144,510,57,8481.201092401127,0,2.0
45658.44982799409,400,43,6474.812599301695,1,2.0
46328.526468990196,431,21,7813.7029731115035,14,2.0
59181.16824460004,680,41,14251.026835656176,11,2.0
46414.38072165588,431,36,7727.695293575098,13,2.0
42178.85543307089,319,55,11643.801501714226,1,3.6006267864996313
62660.75569229742,835,33,10139.0145786997,17,2.0
53625.56956447862,526,29,9623.10193788617,6,2.2049671117737883
97599.82471456722,453,54,13506.461633761164,5,2.0
-6274.245209825298,768,44,7607.100500679028,13,2.2189374374120487
87287.67129806154,704,22,7847.067199088606,7,2.0
91152.12981244072,501,66,13988.01424999877,1,2.0
8165.2441897962635,337,57,5065.373379156737,16,3.052530535058256
51432.81014799128,487,36,5598.8990458883645,4,2.0
50713.978350105215,356,31,3698.4285432820334,13,2.0
24812.207632054473,319,43,14245.054566382765,19,3.1120932437260787
40554.582810228116,572,48,9473.815159593662,2,2.0
32235.60386335428,418,62,3431.9242696046686,4,2.0
103806.76108559057,815,44,14269.042811545343,15,2.0
83391.95982868652,520,55,7222.289192122822,17,2.0
91788.87737485397,825,45,5641.609605815574,16,2.0
78041.80160108088,814,57,9021.60720561524,10,2.0
31773.70571956927,635,20,17393.618047339456,16,2.2914302604789984
46886.993343005655,354,39,8025.189017517148,15,2.0
72234.36403069795,799,47,12876.694320577923,1,2.0
29446.804777701363,835,35,13635.400102254769,3,2.0
77824.9607543097,461,66,12216.36649003203,6,2.236439234588731
53991.86504604662,458,36,16355.35824837131,1,2.554096390273153
50629.47981126006,487,59,6464.419976838605,5,2.0
77773.99920508728,359,47,4783.325784748319,16,2.0
71106.582787151,618,31,4685.166719875026,6,2.0
50975.845854523,510,46,9277.657923501034,4,2.0
88983.2450841062,705,61,5264.766710797355,4,2.0
32973.41681000257,408,66,10737.704559326643,19,2.182765978846407
75398.39017360659,375,49,10384.942098624466,15,2.0
74827.5314492096,841,60,15092.866515930204,18,2.0
52261.33901715024,613,53,11455.7215411802,8,2.0
68153.32555605295,416,56,7919.240720692759,4,2.0
28722.160590367424,318,25,12054.246022163414,7,4.727463455053467
83100.67548017253,731,26,4849.029900510297,8,2.0
55377.446588925275,649,51,9809.296559878414,4,2.0
46931.924487024015,482,51,11597.006167977903,9,2.869271711610007
86225.23064592223,412,44,10646.587990750633,1,2.0
42391.40773643102,482,52,12075.325474679921,8,2.6644870327096903
24788.46759091101,780,26,6779.769921436044,10,2.0
21084.27066190241,445,31,15760.15701404758,3,2.8400574973927957
75150.24878364099,412,35,19110.84474697853,1,3.3855205766906202
27989.266187592923,775,35,1986.6192757070285,5,2.0
103869.85454960912,602,62,3922.0100202287585,13,2.0
7951.764802906946,417,55,10215.415040121927,0,3.186663240437972
102411.40920725095,460,32,8717.245097235631,17,2.0
65275.43668006546,700,26,19482.06202886391,6,2.0
57582.17220324019,497,55,11098.921617122305,0,2.0
46377.02282977626,559,66,16962.726268629787,0,2.0
69978.40285880177,346,28,-245.6194322680003,0,2.0
59059.132439378795,698,51,14070.84741666176,3,2.9131404856531384
87582.54705041304,377,30,6422.4159037083955,3,3.027497048476121
62855.69121655099,423,27,6342.2871519017135,17,2.0
63757.54403654694,374,52,8758.20986793938,10,2.0
50909.694694653605,436,42,2877.0818013445396,0,2.0
58576.359406973315,699,44,12213.927626609262,9,2.0
67695.04422230148,804,27,10953.574833583974,8,2.0
17245.79018358436,799,64,11330.961240936353,3,2.0
26295.364447357177,437,41,14435.155110664531,5,2.0
78581.60235056787,349,23,17573.91023097077,15,2.8272576419726594
64271.63595319854,553,59,8181.444754562264,1,2.0
55400.41659118302,725,22,12386.753198682369,17,2.0
60460.84832663483,846,48,11464.941041674896,9,2.0
68689.54263404178,601,60,11888.072531644699,16,2.0
46506.007992265964,648,48,11962.988322329918,12,2.0
40542.38186494219,348,53,17952.516722824195,17,2.345852427772481
64896.13137744204,373,53,7701.6156575535315,12,2.0
35540.6805596242,560,47,2371.320483981589,16,2.0
70206.3188928618,655,32,6510.631156920564,4,2.0
17435.40989405399,559,34,13786.334667677025,10,2.9739413766810596
85728.89093314108,594,42,10116.647543235886,6,2.0
71814.93706032608,612,63,7662.00329752502,9,2.0
66400.74335784689,481,45,4617.51365795179,16,2.0
84567.27459863784,663,23,11106.430608652663,14,2.0
101636.86111156442,487,45,13222.531376369046,17,2.0
85359.25162545327,842,59,11529.360275480141,18,2.0
13978.144216708868,847,28,8733.34834422527,1,2.1967036130422564
28010.57583160746,707,24,10733.206421487312,3,2.0
44379.53555760803,713,51,10704.214832787076,2,2.0
60652.276255270845,641,39,10948.484656088312,6,2.0
72941.47551172807,519,69,4078.475244904399,17,2.0
41856.40467116336,462,30,10986.631753074389,9,2.0
64669.16911192696,519,34,7797.017657669027,6,2.0
41115.42669116694,569,51,15203.093030048794,7,3.686937836279034
44712.05492520129,699,47,10664.59320875137,5,2.0
24833.47257879444,481,41,14177.39610911446,0,3.085893507634287
36919.168847227396,504,60,8491.09306475124,3,2.0
26207.884859591657,527,36,8671.430811942708,13,2.0
35603.16867556668,549,45,17471.25623128166,16,2.0
86341.04491519599,740,63,12181.675942077542,19,2.0
36265.027779201424,832,26,6427.427337971307,17,2.0
125809.55162093477,495,61,14484.872193102372,10,2.0
72332.94752202224,818,45,7333.476332860646,13,2.0
64620.903092371846,369,44,11128.490689057615,8,3.1520606819446337
38541.055495469656,698,29,19183.373154297024,14,2.0
77507.74698522479,502,64,2843.588061809729,11,2.0
45609.05434405565,447,38,9121.090391167318,9,2.2452742270801958
63050.24536613403,771,30,12041.358204510152,18,2.0
124002.11345671988,498,32,13823.49167332337,18,2.0
57598.50250688376,725,27,3793.830463195636,5,2.0
88731.8331571419,791,59,2321.0486571249103,19,2.0
42420.58937185281,441,23,15453.74675995213,5,2.955817756572952
59125.287737575956,612,66,6397.925715980813,7,2.0
104270.01589088775,464,50,6188.587460013425,0,2.0
44325.82355530582,613,47,17751.248363860832,16,2.3423933484072683
105311.21394992323,320,30,10348.511573659112,16,2.0
77693.79838638689,381,62,10381.19113840787,14,2.0
45938.33060264331,430,20,9101.002774242339,6,2.666672961346359
75810.19347638803,604,68,3880.0896662841496,18,2.0
84313.86124066825,670,66,13378.484746971939,2,2.0
75545.24905542991,683,57,12047.252609628118,10,2.0
20744.38200273859,744,43,10843.456626697163,19,2.0
41821.570604378285,724,66,9418.38480361871,18,2.0
53812.03411121238,460,50,8538.401753308566,8,2.0
58139.16427249884,477,60,14562.416947737074,9,2.0
75516.80243876696,789,65,9293.534683969525,1,2.0
64442.52502333134,626,69,9679.694807330554,0,2.0
26616.39103224747,588,45,12649.465774418866,15,2.0
69504.94627514908,653,68,11039.80465340193,17,2.0
75264.64363209558,327,69,18211.38028770219,16,2.0
73994.761198276,342,24,1193.1661126334784,5,2.0
87019.51813886555,722,39,11499.537191836316,13,2.0
80848.0538637226,476,60,6471.971097639154,14,2.0
71479.50198071092,828,30,5289.567326225353,13,2.0
58245.857213533825,793,52,7714.6789697782615,2,2.0
18475.976662100213,497,69,10273.397042408807,18,2.0
70740.45547831465,816,57,10495.345379617049,11,2.0
65192.19217907778,813,46,2413.468921607535,1,2.0
66789.47092988434,321,53,7294.580851610903,2,2.280908418411899
28081.285604492263,411,34,11406.107757382295,17,2.0
32973.58648979344,356,51,5615.347746081728,0,2.991901247207478
86328.82133332259,365,40,4426.080476417424,19,2.0
59011.12115358363,397,65,-1280.6615374647226,5,2.0
77037.51743431561,443,24,6684.032758123207,4,2.006899860001065
60707.95940326153,734,25,4251.854005245931,0,2.0
60743.90348739363,385,57,5080.335584449711,18,2.0
83457.09514939995,643,41,8640.898483601733,0,2.0
47098.88179456565,593,37,7000.855617285511,15,2.0
62403.01942352459,542,33,4168.810530703469,11,2.0
48443.11778237394,331,29,-579.2078261661354,7,2.0
49137.59431419211,690,65,11511.556525738213,15,2.0
52270.69691328402,576,32,13764.136069042364,0,3.4523113832910797
65553.34429084283,831,50,8016.275105028132,3,2.0
48031.284458413065,453,49,8671.121517728614,9,2.15109471031456
91393.90313933801,682,22,10014.052578430616,10,2.0
37634.8174445124,367,49,17893.917883061258,16,3.106500354576512
55328.208895966025,513,25,2161.4610308711444,6,2.253929053242234
49006.72354314563,675,48,7927.551370637153,11,2.0
96174.44710884332,512,27,1390.1351793364029,6,2.0
64913.86941278937,378,63,11811.592293677795,11,2.383576657147537
85796.11348671587,680,64,9280.208031059943,14,2.0
22860.9906740757,357,62,11014.960564680388,1,3.3627632162136134
66676.25664673148,325,63,10765.612812955382,13,2.5055582610632503
82240.76989058593,746,52,14953.54126851758,12,2.0
62057.0997318856,365,36,12690.66482284233,3,2.7561876424506067
86637.00937663378,553,67,14152.539788300437,13,2.0
47067.7887474907,343,30,4672.32655051528,13,2.880826363568082
95233.68600463949,396,32,15965.854324875723,15,2.1899566864007536
117472.45309048126,526,69,6388.186302555003,6,2.0
50929.035989008524,735,30,6675.652286880097,18,2.0
48862.436964980705,678,50,11354.212886764974,1,2.0
96334.61192794252,477,47,11509.591315246382,9,2.0
99489.3036432678,726,63,4640.715988837607,17,2.0
46928.49932116829,606,25,9133.603541130515,16,2.0
49495.32957260357,803,60,17441.17658434738,4,2.0
52955.38477848732,567,35,2658.317192329525,11,2.0
26388.73722414307,307,23,17426.09620506363,5,4.489659192573975
37033.70133789504,807,54,8791.50774291755,8,2.0
34896.48083119831,775,67,-1688.7741671757667,19,2.0
40805.06087239679,596,45,3166.341332585468,0,2.0
59132.877815330474,463,31,5182.612311324033,14,2.1181689981344167
65855.36831341303,784,30,6880.353496086289,5,2.0
98762.51232035193,371,56,9476.43370687331,18,2.0
35041.14898153023,537,44,-3517.4006488078594,17,2.0
84608.0599619146,403,37,10934.021962388268,5,2.0
54650.27889436227,509,38,4724.547458375579,12,2.0
58763.40725868918,767,42,16952.612858005294,0,2.0
76870.48730416509,753,57,8649.116396280127,12,2.0
31931.949460942535,567,37,14714.230858663648,6,2.2044764446427165
69560.24365460126,685,45,15551.744899571466,14,2.0
64161.305205326404,686,25,15416.366217331084,11,2.0
72311.28160020373,558,23,7167.966285187572,0,2.3562095065557944
67229.21609769545,582,63,7103.999211393381,14,2.0
121382.50349777236,339,48,8875.133503558425,3,2.0
44056.5003937171,785,53,13181.186876894628,12,2.0
46725.07612495456,519,36,7446.523651229187,4,2.0
44421.48683938089,428,62,9403.68763204876,1,3.5782043868394897
46113.07202099363,819,62,11367.969081697249,0,2.0
44065.321817337055,559,35,5475.540369760667,15,2.0
89725.4132776888,665,21,5159.458558354411,5,2.0
95512.60619974637,843,53,9208.680592980047,15,2.0
45731.34265626309,823,27,9870.894074758207,13,2.0
39191.11067239428,315,32,12169.427400008215,2,5.576329574104475
71785.3889096601,428,61,13359.43287475778,14,2.7683408697796423
46194.42389297572,408,27,4504.685897141757,2,2.2489278113634077
75823.29544388776,832,49,5939.5753402821765,1,2.0
65073.075521282495,568,51,5146.238562184491,0,2.0
22106.397125069205,461,55,17062.23700795711,8,5.400650579285786
98687.63003325154,559,66,9398.647048987323,8,2.0
104896.94182738804,401,49,10080.646476225105,6,2.0
44680.282737890346,805,20,10288.871820067565,2,2.0
50307.46100160039,546,62,6421.649931411804,17,2.0
67146.63476812262,836,58,17821.347594730152,10,2.0
68361.41974967562,430,36,12055.13327409364,6,2.5243772704927254
76463.60681682076,652,39,10197.952648889745,8,2.0
110255.11346915874,495,43,4473.71789424717,0,2.0
55576.31931264877,681,69,4190.337541718776,13,2.0
40042.568886538655,526,41,8455.462341971159,19,2.0
25517.01929963682,775,48,6500.041032140851,5,2.0
41726.74900145202,776,41,4662.778272267241,6,2.0
59171.82567815507,564,63,8145.209902142224,9,2.0
104863.9465879447,671,28,8917.859858620553,6,2.0
47059.717524095715,785,56,10708.92710230135,1,2.0
65594.69879097246,733,29,7480.402643128686,3,2.0
59589.427598181195,510,55,4961.996526699844,16,2.0
89709.8318362021,676,56,5135.395570043765,0,2.0
123173.31064684055,694,47,16064.86364613094,9,2.0
46728.280676991984,749,47,3741.2115681912883,18,2.0
47764.013937044445,663,61,11815.91149145635,14,2.0
86104.0219267268,756,62,12597.731648871979,9,2.0
77047.28724065778,525,40,9393.622620821656,18,2.0
106167.68314340085,430,43,18839.145292025896,11,2.0
74598.2046331491,775,61,12508.594965138496,15,2.0
51017.69773032351,576,59,19214.51524152325,8,2.0
74766.37076730773,455,21,6744.679990425639,14,2.0
87717.5895145727,517,27,6830.272950532908,16,2.6526845181639294
80512.0545299341,489,67,12637.685793400075,13,2.0
72681.85077768244,716,46,8692.671813403986,17,2.0
86666.86723972885,845,41,18428.327124460087,1,2.0
89232.38976114182,340,56,11708.501918154687,3,2.0
94553.97477593817,606,46,4777.128900716422,17,2.0
76217.74718974107,637,48,1315.9179572798712,6,2.0
55822.04799207864,613,22,9608.807038283678,12,2.0
63667.84216083307,374,63,9554.384352333833,14,2.0
90162.72416270892,578,32,11568.829616541938,0,2.0
39576.6082253191,475,64,16053.452868779514,10,2.4132890821670654
69216.83272182253,572,29,15395.566519969638,9,3.1286321450863595
50166.52969181599,588,55,7105.494838317836,4,2.0
60718.620573370434,571,28,3530.902990977893,15,2.0
91961.29656518246,365,46,3829.3943249546483,10,2.0
64777.47670049759,782,53,6315.991473393107,5,2.0
61160.91370390372,547,20,8166.342259804905,8,2.0
26003.596475502018,455,51,11525.310694825836,12,2.0
78656.33915068052,346,44,5995.162015520102,7,2.0
76137.10452852689,753,48,11401.959855566573,13,2.0
114081.3680826365,500,26,11810.20072929526,0,2.0
52305.54412617498,423,68,10716.719412979446,16,2.0
65478.75819159848,300,22,4356.885014936524,4,2.309392490668625
66234.59209276889,490,39,12339.13362617979,1,3.5378455602190284
99436.33199408685,815,39,20406.348143833617,8,2.0
57617.6116903262,741,49,11229.484134564524,3,2.0
66975.53814425848,442,54,-4765.375503256348,16,2.0
75197.41274291348,490,54,16204.397860234514,16,2.0
64665.22807890896,832,68,6486.261116503068,17,2.0
48839.15963623679,526,58,21328.563452478462,15,2.0
64852.24982245769,612,46,10581.817256829801,7,2.0
86840.79374649431,601,45,1576.4965300708718,10,2.0
34337.11751472349,759,33,-323.4874497937617,17,2.0
63324.2418536719,700,36,17698.703813379394,9,2.5904209292934954
42496.97962652067,692,37,15529.524929586361,12,2.242394687377219
89876.16572312106,506,64,21130.09442883345,16,2.0
21920.32738040563,509,48,10054.622427867776,17,4.045148144089643
46026.95381821029,414,39,9717.350583101597,9,2.46257230102741
69430.29687661302,550,46,8086.406039207213,15,2.0
99138.10073085851,518,37,6708.548793703896,19,2.0
58356.2434731753,706,23,8037.852227710922,4,2.0
46120.01183267004,742,20,11087.316661620147,12,2.0
107028.92673601475,653,69,5780.496065439491,17,2.0
23799.6524895939,849,20,1653.553265630082,16,2.0
5029.851084497954,441,45,10799.383170070887,8,2.9844414892235305
71000.3612513333,800,64,5669.02200653284,13,2.0
47448.644391184724,846,39,-6197.188624700346,16,2.0
34469.179571732166,841,42,12762.836953285054,3,2.0
77708.91118248383,806,29,4459.704809414859,17,2.0
66095.01784427997,580,30,13308.947273453674,19,2.0
45898.03423158179,723,60,13189.240532579906,14,2.0
27992.39003322764,569,60,11417.950057614165,10,3.5680582739594016
81811.43320700362,453,24,22484.08920178248,11,3.416157282081483
76255.02944896652,382,20,9309.740750138113,8,2.0
57520.60340551543,725,36,8571.802162507058,12,2.0
106165.92490119164,574,41,13418.362107084586,14,2.0
33247.880841846185,583,53,9722.763189431036,14,2.0
21861.870726881527,472,64,15802.467686970045,4,2.0
42702.29825296889,626,60,3655.970462122389,18,2.0
58860.34959111256,362,48,3739.1277626783003,19,2.0
66083.48623306729,372,23,13829.047456631088,13,4.116343469345703
53969.09855359176,674,24,4175.945303306983,16,2.0
68801.38491285742,807,30,13045.493032213571,17,2.0
28711.514395238897,697,40,11850.014231051828,2,2.0
96094.11510183148,419,54,6527.558569861683,1,2.0
57946.22054018578,736,31,11835.85080116717,0,2.0
87932.3957897032,764,45,3827.0377710788025,9,2.0
68568.1336594426,585,38,5000.500368681497,18,2.0
71418.8304788446,564,64,8814.06130793967,16,2.0
74244.1820058051,619,26,10394.639095361104,11,2.0
71192.71400043287,675,66,8481.80731506071,0,2.0
76068.0689966886,388,26,12165.579819365554,11,2.0
93228.81325331079,502,45,11942.332075241455,16,2.0
64913.02924253675,633,59,17646.834041740723,2,2.6471593267528433
77725.09393971281,521,24,9523.573264274977,10,2.0
57756.607642819334,340,40,15972.817155920642,16,3.2503140175359175
96002.93038623681,367,33,14603.627564469465,2,2.606450657909911
43090.19244851825,813,23,21469.886416465743,7,2.0
105023.51082277039,426,42,9363.709900488628,19,2.0
58996.05123389141,554,61,7898.206392735059,3,2.0
24230.622447048794,315,39,16288.471111218665,6,2.137844055854364
63202.610372769734,776,34,11927.162858706311,13,2.0
42973.70856312798,361,69,16408.296083919497,13,2.6762129787143634
81016.08872471811,731,64,13583.9939899475,3,2.0
43684.40051744023,567,48,-533.8104569974785,15,2.0
48845.41416963051,334,27,11881.608885155914,0,4.535721095801086
12761.481726361722,793,60,11556.079489757447,16,2.0
48692.34201877308,768,67,10665.534512319815,9,2.0
-596.9831657239192,624,38,9338.784729383086,15,2.0
20402.429412856916,603,67,2039.2823610283604,15,2.0
79010.36640360743,575,58,14370.884586191616,7,2.0
79645.0039662708,500,65,11868.842140467474,6,2.0
70636.43904462412,744,47,15509.783486987122,5,2.4530614434058435
35825.596421769675,623,65,2306.2223786237346,15,2.0
58807.2160964505,334,46,12535.672447726341,19,2.0
59909.93652273579,781,23,8826.703312267186,15,2.0
31040.882770186432,779,34,10718.940049627647,6,2.0
97584.95754417876,364,54,8884.201829095546,8,2.0
81934.05726439178,307,56,12718.039637400649,13,2.0
54475.895654258406,600,20,9185.634395042101,10,2.0
60672.14597486327,642,22,4740.425374721554,13,2.0
65209.570198688816,730,66,10432.127093930956,6,2.0
8956.628289392735,723,43,8929.127314322497,0,2.3197023236853638
53820.565436985074,631,46,9583.031894355583,12,2.0
42950.39380005504,737,59,-5939.057380200717,19,2.0
34959.49975262711,473,55,13413.180417843527,2,2.0
52972.49267785113,826,53,8426.681913266095,19,2.0
104942.16317123806,325,48,3259.2321299086716,3,2.0
76021.07153167525,705,43,14612.81758424071,10,2.0
45720.52525543008,531,43,13181.828638764651,1,3.2247098345322285
74314.56953390397,832,61,8363.399018625718,13,2.0
